"","minimum","q1","median","mean","q3","maximum"
"1",40.0002880024,3696.5007760603,5045.1181156296,5650.18823666105,6238.63892186095,26854.3265655394
