"","minimum","q1","median","mean","q3","maximum"
"1",0,1125.17623659983,4959.87067746245,35026.2410596952,23274.2928035844,424893.434235911
